Date,Content
2021-11-29,https://boxd.it/2jQecB
2022-01-30,https://boxd.it/nRxEB
2022-01-30,https://boxd.it/2uCnlX
2022-02-04,https://boxd.it/2xZKUT
2022-02-08,https://boxd.it/2xODax
2022-02-12,https://boxd.it/2znjuh
2022-02-12,https://boxd.it/2z5lAF
2022-02-13,https://boxd.it/2lvqmp
2022-02-21,https://boxd.it/2BbDQB
2022-02-21,https://boxd.it/2zIrgf
2022-02-21,https://boxd.it/2qicBf
2022-03-01,https://boxd.it/ahvBh
2022-03-06,https://boxd.it/2DqTCj
2022-03-21,https://boxd.it/13Ppyf
2022-04-17,https://boxd.it/27gKF1
2022-04-18,https://boxd.it/2KQMnL
2022-05-05,https://boxd.it/2OqqC9
2022-05-08,https://boxd.it/2KZbgB
2022-05-29,https://boxd.it/2SHIZl
2022-06-04,https://boxd.it/2Twprh
2022-07-02,https://boxd.it/2YIDwf
2022-07-04,https://boxd.it/2Zienf
2022-07-04,https://boxd.it/2YAmdz
2022-07-05,https://boxd.it/2ZsWVZ
2022-07-17,https://boxd.it/31QxqN
2022-07-20,https://boxd.it/32uK9v
2022-08-01,https://boxd.it/352rKj
2022-08-01,https://boxd.it/324gCF
2022-08-03,https://boxd.it/35JO5z
2022-08-04,https://boxd.it/caMiZ
2022-08-05,https://boxd.it/3652yd
2022-08-05,https://boxd.it/3649Tb
2022-09-16,https://boxd.it/oIXKV
2022-10-16,https://boxd.it/3kfVFJ
2022-11-04,https://boxd.it/3noBuB
2022-11-04,https://boxd.it/3m0RaF
2022-11-21,https://boxd.it/3rEoib
2023-07-24,https://boxd.it/4ycXpr
2024-01-19,https://boxd.it/1iu4pz
2024-09-25,https://boxd.it/3N2RF1
